Affluence,Capacite,Journee,Jours,Date,Heure,Domicile,Resultat,exterieur,Derby,Victoire_dom,Dom_plac_joun,ext_plac_joun,Dom_plac_final,ext_plac_final
24551,50000,1,sam,21/07/1989,20:30,Olympique de lyonnais,1-4,Olympique de Marseille,1,42.1,18,1,8,1
15572,50000,2,ven,29/07/1989,20:30,Olympique de lyonnais,3-0,Toulouse FC,0,42.1,7,8,8,9
15753,50000,4,ven,05/08/1989,20:30,Olympique de lyonnais,2-0,OGC Nice,0,42.1,8,13,8,18
23791,50000,6,ven,19/08/1989,20:30,Olympique de lyonnais,0-4,FC Sochaux-Montbeliard,0,42.1,9,4,8,4
17423,50000,8,mer,30/08/1989,20:30,Olympique de lyonnais,1-1,Racing Paris 1,0,42.1,13,14,8,19
14214,50000,10,ven,16/09/1989,20:30,Olympique de lyonnais,2-1,Lille OSC,0,42.1,14,18,8,17
14927,50000,12,ven,30/09/1989,20:30,Olympique de lyonnais,2-1,SM Caen,0,42.1,6,16,8,16
18811,50000,14,sam,13/10/1989,20:30,Olympique de lyonnais,0-2,AS Monaco,0,42.1,13,7,8,3
26480,50000,16,ven,28/10/1989,20:30,Olympique de lyonnais,0-0,Girondins de Bordeaux FC,0,42.1,9,2,8,2
12935,50000,18,mer,08/11/1989,20:30,Olympique de lyonnais,3-1,FC Mulhouse,0,42.1,7,17,8,20
15423,50000,23,dim,17/12/1989,15:00,Olympique de lyonnais,0-0,FC Metz,0,42.1,7,14,8,14
16853,50000,25,dim,11/02/1990,15:00,Olympique de lyonnais,3-1,Montpellier Herault SC,0,42.1,7,19,8,13
39467,50000,27,dim,25/02/1990,15:00,Olympique de lyonnais,0-0,AS Saint-Etienne,1,42.1,6,8,8,15
25446,50000,21,mer,14/03/1990,20:30,Olympique de lyonnais,0-0,FC Nantes,0,42.1,7,8,8,7
15568,50000,29,ven,17/03/1990,20:30,Olympique de lyonnais,4-0,Brest Armorique FC,0,42.1,6,13,8,10
19205,50000,31,ven,31/03/1990,20:30,Olympique de lyonnais,0-1,AS Cannes,0,42.1,6,12,8,11
17618,50000,33,ven,14/04/1990,20:30,Olympique de lyonnais,1-2,Paris Saint-Germain FC,1,42.1,9,4,8,5
14185,50000,35,ven,28/04/1990,20:30,Olympique de lyonnais,3-2,SC Toulon et du Var,0,42.1,9,14,8,12
29557,50000,37,ven,12/05/1990,20:30,Olympique de lyonnais,1-1,AJ Auxerre,0,42.1,9,6,8,6
23000,50000,2,ven,28/07/1990,20:30,Olympique de lyonnais,1-0,AS Cannes,0,63.2,5,10,5,4
36151,50000,4,ven,11/08/1990,20:30,Olympique de lyonnais,2-2,Olympique de Marseille,1,63.2,11,1,5,1
22851,50000,6,ven,25/08/1990,20:30,Olympique de lyonnais,1-0,FC Sochaux-Montbeliard,0,63.2,6,14,5,18
21275,50000,8,ven,08/09/1990,20:30,Olympique de lyonnais,2-0,Brest Armorique FC,0,63.2,7,5,5,11
19246,50000,10,ven,22/09/1990,20:30,Olympique de lyonnais,0-0,Stade Rennais FC,0,63.2,4,18,5,20
23972,50000,12,ven,06/10/1990,20:30,Olympique de lyonnais,3-3,Montpellier Herault SC,0,63.2,11,5,5,7
18653,50000,14,ven,27/10/1990,20:30,Olympique de lyonnais,1-0,OGC Nice,0,63.2,10,19,5,14
19943,50000,17,ven,24/11/1990,20:30,Olympique de lyonnais,2-1,Lille OSC,0,63.2,10,11,5,6
15475,50000,21,dim,23/12/1990,15:00,Olympique de lyonnais,4-1,Toulouse FC,0,63.2,5,20,5,19
12018,50000,23,sam,18/01/1991,20:30,Olympique de lyonnais,1-0,AS Monaco,0,63.2,6,2,5,2
14836,50000,19,mer,30/01/1991,20:30,Olympique de lyonnais,2-0,FC Nantes,0,63.2,5,8,5,15
19529,50000,25,dim,03/02/1991,15:00,Olympique de lyonnais,0-0,Paris Saint-Germain FC,1,63.2,5,8,5,9
12964,50000,29,ven,02/03/1991,20:30,Olympique de lyonnais,0-1,AS Nancy Lorraine,0,63.2,8,14,5,17
15154,50000,31,ven,23/03/1991,20:30,Olympique de lyonnais,1-0,AJ Auxerre,0,63.2,9,3,5,3
37131,50000,27,mar,26/03/1991,20:00,Olympique de lyonnais,1-1,AS Saint-Etienne,1,63.2,6,10,5,13
14770,50000,33,ven,13/04/1991,20:30,Olympique de lyonnais,1-1,SC Toulon et du Var,0,63.2,9,15,5,16
12096,50000,34,ven,20/04/1991,20:30,Olympique de lyonnais,3-2,SM Caen,0,63.2,8,11,5,8
16977,50000,36,sam,10/05/1991,20:30,Olympique de lyonnais,3-1,FC Metz,0,63.2,5,11,5,12
39521,50000,38,sam,24/05/1991,20:30,Olympique de lyonnais,1-0,Girondins de Bordeaux FC,0,63.2,5,10,5,10
35000,50000,2,ven,27/07/1991,20:30,Olympique de lyonnais,1-1,Olympique de Marseille,1,42.1,15,4,16,1
18451,50000,4,ven,03/08/1991,20:30,Olympique de lyonnais,1-0,Montpellier Herault SC,0,42.1,12,18,16,6
17410,50000,6,ven,17/08/1991,20:30,Olympique de lyonnais,0-0,AS Cannes,0,42.1,13,15,16,19
16654,50000,7,ven,24/08/1991,20:30,Olympique de lyonnais,2-2,SM Caen,0,42.1,12,11,16,5
20766,50000,9,ven,07/09/1991,20:30,Olympique de lyonnais,0-1,Paris Saint-Germain FC,1,42.1,17,4,16,3
14245,50000,11,ven,21/09/1991,20:30,Olympique de lyonnais,1-1,SC Toulon et du Var,0,42.1,14,17,16,14
27673,50000,13,dim,06/10/1991,19:00,Olympique de lyonnais,0-0,AS Saint-Etienne,1,42.1,16,15,16,10
12151,50000,15,ven,26/10/1991,20:30,Olympique de lyonnais,1-0,Toulouse FC,0,42.1,17,15,16,11
12582,50000,17,ven,09/11/1991,20:30,Olympique de lyonnais,1-1,RC Lens,0,42.1,18,13,16,8
12667,50000,19,ven,23/11/1991,20:30,Olympique de lyonnais,0-1,FC Nantes,0,42.1,18,7,16,9
11672,50000,21,ven,07/12/1991,20:30,Olympique de lyonnais,2-1,AS Nancy Lorraine,0,42.1,16,20,16,20
12368,50000,23,mer,18/12/1991,20:30,Olympique de lyonnais,2-0,AS Monaco,0,42.1,16,2,16,2
11638,50000,26,ven,25/01/1992,20:30,Olympique de lyonnais,1-0,Lille OSC,0,42.1,15,12,16,13
11978,50000,28,ven,08/02/1992,20:30,Olympique de lyonnais,3-1,Stade Rennais FC,0,42.1,15,18,16,18
13497,50000,30,ven,29/02/1992,20:30,Olympique de lyonnais,1-0,Nîmes Olympique,0,42.1,15,16,16,15
13300,50000,32,ven,21/03/1992,20:30,Olympique de lyonnais,0-1,FC Sochaux-Montbeliard,0,42.1,15,17,16,17
11483,50000,34,ven,04/04/1992,20:30,Olympique de lyonnais,0-0,FC Metz,0,42.1,15,12,16,12
19872,50000,36,ven,18/04/1992,20:30,Olympique de lyonnais,1-0,AJ Auxerre,0,42.1,15,5,16,4
16818,50000,38,sam,01/05/1992,20:30,Olympique de lyonnais,0-2,Havre AC,0,42.1,16,7,16,7
15765,50000,2,ven,15/08/1992,20:30,Olympique de lyonnais,0-2,FC Nantes Atlantique,0,31.6,15,5,14,5
27641,50000,4,ven,29/08/1992,20:30,Olympique de lyonnais,2-2,Olympique de Marseille,1,31.6,17,5,14,1
17292,50000,6,ven,12/09/1992,20:30,Olympique de lyonnais,2-2,RC Strasbourg,0,31.6,16,9,14,8
15444,50000,8,sam,25/09/1992,20:30,Olympique de lyonnais,2-1,Montpellier Herault SC,0,31.6,14,10,14,10
26227,50000,10,mer,07/10/1992,20:30,Olympique de lyonnais,1-1,Paris Saint-Germain FC,1,31.6,14,1,14,2
14132,50000,12,ven,24/10/1992,20:30,Olympique de lyonnais,1-1,FC Metz,0,31.6,14,10,14,12
11395,50000,15,sam,20/11/1992,20:30,Olympique de lyonnais,1-1,Havre AC,0,31.6,14,13,14,15
18996,50000,17,jeu,03/12/1992,20:30,Olympique de lyonnais,1-1,AJ Auxerre,0,31.6,11,4,14,6
27208,50000,19,ven,19/12/1992,20:30,Olympique de lyonnais,0-0,AS Monaco,0,31.6,10,3,14,3
13711,50000,21,ven,16/01/1993,19:30,Olympique de lyonnais,3-1,FC Sochaux-Montbeliard,0,31.6,9,12,14,16
15265,50000,23,ven,30/01/1993,19:30,Olympique de lyonnais,1-0,SM Caen,0,31.6,10,13,14,11
11635,50000,25,mer,10/02/1993,19:30,Olympique de lyonnais,2-1,US Valenciennes-Anzin,0,31.6,9,16,14,18
39883,50000,27,sam,26/02/1993,19:30,Olympique de lyonnais,0-2,AS Saint-Etienne,1,31.6,10,6,14,7
11975,50000,29,ven,20/03/1993,20:30,Olympique de lyonnais,1-0,Toulouse FC,0,31.6,9,15,14,13
11116,50000,31,ven,10/04/1993,20:30,Olympique de lyonnais,1-3,Lille OSC,0,31.6,10,16,14,17
6000,50000,32,mer,14/04/1993,20:30,Olympique de lyonnais,1-1,SC Toulon et du Var,0,31.6,10,19,14,19
9267,50000,34,ven,08/05/1993,20:30,Olympique de lyonnais,0-1,Nîmes Olympique,0,31.6,12,20,14,20
10030,50000,36,ven,22/05/1993,20:30,Olympique de lyonnais,3-1,RC Lens,0,31.6,11,9,14,9
13896,50000,38,mer,02/06/1993,20:30,Olympique de lyonnais,2-3,FC Girondins de Bordeaux,0,31.6,14,4,14,4
22800,50000,2,ven,31/07/1993,20:00,Olympique de lyonnais,2-0,SM Caen,0,31.6,6,16,8,16
23316,50000,4,mer,11/08/1993,20:00,Olympique de lyonnais,2-0,FC Metz,0,63.2,5,14,8,12
23367,50000,7,mer,01/09/1993,20:00,Olympique de lyonnais,0-0,FC Martigues,0,63.2,8,5,8,18
30022,50000,9,ven,18/09/1993,20:00,Olympique de lyonnais,1-3,Paris Saint-Germain FC,1,63.2,14,2,8,1
16323,50000,11,dim,03/10/1993,18:30,Olympique de lyonnais,2-1,FC Nantes Atlantique,0,63.2,13,8,8,5
13482,50000,13,ven,16/10/1993,20:00,Olympique de lyonnais,1-1,Havre AC,0,63.2,12,17,8,17
36205,50000,15,sam,29/10/1993,20:00,Olympique de lyonnais,1-0,AS Saint-Etienne,1,63.2,13,11,8,11
23382,50000,17,mar,09/11/1993,20:30,Olympique de lyonnais,1-0,Olympique de Marseille,1,63.2,12,3,8,2
13454,50000,19,ven,27/11/1993,20:00,Olympique de lyonnais,2-1,RC Strasbourg,0,63.2,11,8,8,13
13760,50000,21,ven,11/12/1993,20:00,Olympique de lyonnais,1-1,SCO Angers,0,63.2,13,20,8,20
12000,50000,23,ven,15/01/1994,19:30,Olympique de lyonnais,1-0,FC Sochaux-Montbeliard,0,63.2,10,12,8,14
18350,50000,24,ven,29/01/1994,19:30,Olympique de lyonnais,1-0,AJ Auxerre,0,63.2,9,5,8,3
15000,50000,26,mer,09/02/1994,20:00,Olympique de lyonnais,1-2,RC Lens,0,63.2,10,9,8,10
15000,50000,28,sam,25/02/1994,19:30,Olympique de lyonnais,2-2,AS Cannes,0,63.2,11,7,8,6
20000,50000,30,sam,11/03/1994,20:00,Olympique de lyonnais,1-0,AS Monaco,0,63.2,10,8,8,9
10000,50000,32,ven,02/04/1994,20:00,Olympique de lyonnais,1-0,Toulouse FC,0,63.2,8,19,8,19
12500,50000,34,ven,09/04/1994,20:00,Olympique de lyonnais,4-2,FC Girondins de Bordeaux,0,63.2,9,5,8,4
13500,50000,36,ven,30/04/1994,20:00,Olympique de lyonnais,0-0,Lille OSC,0,63.2,10,16,8,15
20000,50000,38,ven,21/05/1994,20:00,Olympique de lyonnais,3-2,Montpellier Herault SC,0,63.2,8,7,8,7
28000,45000,2,mar,02/08/1994,20:00,Olympique de lyonnais,3-1,AS Monaco,0,73.7,2,19,2,6
25000,45000,4,ven,13/08/1994,20:00,Olympique de lyonnais,1-0,FC Metz,0,73.7,1,18,2,8
20000,45000,7,mer,31/08/1994,20:00,Olympique de lyonnais,1-0,SM Caen,0,73.7,3,20,2,19
25000,45000,9,dim,18/09/1994,18:00,Olympique de lyonnais,2-0,Paris Saint-Germain FC,1,73.7,2,9,2,3
22500,45000,11,ven,01/10/1994,20:00,Olympique de lyonnais,1-1,OGC Nice,0,73.7,2,12,2,16
21572,45000,13,sam,14/10/1994,20:00,Olympique de lyonnais,3-0,Stade Rennais FC,0,73.7,2,11,2,13
25516,45000,15,jeu,27/10/1994,20:30,Olympique de lyonnais,1-1,FC Girondins de Bordeaux,0,73.7,3,8,2,7
14632,45000,17,mer,09/11/1994,20:00,Olympique de lyonnais,4-0,FC Sochaux-Montbeliard,0,73.7,4,18,2,20
19607,45000,19,ven,26/11/1994,20:00,Olympique de lyonnais,3-0,FC Martigues,0,73.7,3,9,2,11
17554,45000,21,ven,17/12/1994,20:00,Olympique de lyonnais,0-0,SC Bastia,0,73.7,3,17,2,15
21370,45000,23,ven,21/01/1995,20:00,Olympique de lyonnais,3-1,AS Cannes,0,73.7,3,4,2,9
30430,45000,24,ven,28/01/1995,20:00,Olympique de lyonnais,3-0,AJ Auxerre,0,73.7,3,6,2,4
20222,45000,26,ven,11/02/1995,20:00,Olympique de lyonnais,3-1,Lille OSC,0,73.7,2,15,2,14
40397,45000,28,ven,04/03/1995,20:00,Olympique de lyonnais,1-0,AS Saint-Etienne,1,73.7,3,14,2,18
22125,45000,32,sam,07/04/1995,20:30,Olympique de lyonnais,1-1,RC Lens,0,73.7,2,4,2,5
20180,45000,34,ven,29/04/1995,20:00,Olympique de lyonnais,2-0,Havre AC,0,73.7,3,10,2,12
21750,45000,36,ven,20/05/1995,20:00,Olympique de lyonnais,1-0,RC Strasbourg,0,73.7,2,10,2,10
36018,45000,38,mer,31/05/1995,20:00,Olympique de lyonnais,1-1,FC Nantes Atlantique,0,73.7,2,1,2,1
26500,43000,2,mer,26/07/1995,20:00,Olympique de lyonnais,3-2,Montpellier Herault SC,0,36.8,12,14,11,6
24427,43000,7,mar,29/08/1995,20:00,Olympique de lyonnais,1-1,FC Metz,0,36.8,16,2,11,4
21976,43000,4,sam,01/09/1995,20:00,Olympique de lyonnais,1-1,RC Strasbourg,0,36.8,14,8,11,9
23211,43000,9,ven,16/09/1995,20:00,Olympique de lyonnais,0-1,AJ Auxerre,0,36.8,18,4,11,1
37903,43000,11,ven,30/09/1995,20:00,Olympique de lyonnais,2-1,AS Saint-Etienne,1,36.8,16,15,11,19
30725,43000,13,ven,14/10/1995,20:00,Olympique de lyonnais,0-0,Paris Saint-Germain FC,1,36.8,14,4,11,2
21779,43000,15,sam,27/10/1995,20:00,Olympique de lyonnais,1-1,SC Bastia,0,36.8,14,10,11,15
19286,43000,17,mer,08/11/1995,20:00,Olympique de lyonnais,0-0,FC Gueugnon,0,36.8,16,18,11,18
16363,43000,19,ven,25/11/1995,20:00,Olympique de lyonnais,1-1,Lille OSC,0,36.8,15,17,11,17
22528,43000,21,ven,09/12/1995,20:00,Olympique de lyonnais,3-2,Havre AC,0,36.8,14,13,11,13
18302,43000,23,mer,10/01/1996,20:00,Olympique de lyonnais,0-0,RC Lens,0,36.8,14,2,11,5
16700,43000,24,ven,20/01/1996,20:00,Olympique de lyonnais,2-2,Stade Rennais FC,0,36.8,14,11,11,8
14060,43000,26,mer,07/02/1996,20:00,Olympique de lyonnais,5-1,FC Martigues,0,36.8,12,20,11,20
15212,43000,28,ven,17/02/1996,20:00,Olympique de lyonnais,1-0,OGC Nice,0,36.8,12,13,11,12
16314,43000,30,sam,01/03/1996,20:00,Olympique de lyonnais,1-0,FC Girondins de Bordeaux,0,36.8,11,16,11,16
23000,43000,32,ven,23/03/1996,20:00,Olympique de lyonnais,1-1,FC Nantes Atlantique,0,36.8,13,10,11,7
16552,43000,34,mer,10/04/1996,20:00,Olympique de lyonnais,1-1,EA Guingamp,0,36.8,11,8,11,10
22064,43000,36,ven,27/04/1996,20:00,Olympique de lyonnais,3-3,AS Monaco,0,36.8,11,4,11,3
20740,43000,38,ven,18/05/1996,20:00,Olympique de lyonnais,1-0,AS Cannes,0,36.8,11,14,11,14
20000,43000,2,sam,16/08/1996,20:00,Olympique de lyonnais,2-0,RC Strasbourg,0,57.9,9,19,8,9
23610,43000,4,mer,28/08/1996,20:00,Olympique de lyonnais,2-0,AS Nancy Lorraine,0,57.9,6,20,8,18
23570,43000,6,sam,06/09/1996,20:00,Olympique de lyonnais,1-1,Montpellier Herault SC,0,57.9,10,16,8,10
19881,43000,8,sam,20/09/1996,20:00,Olympique de lyonnais,3-1,AS Cannes,0,57.9,6,13,8,15
29740,43000,10,mer,02/10/1996,20:00,Olympique de lyonnais,1-1,Paris Saint-Germain FC,1,57.9,5,1,8,2
20847,43000,13,ven,19/10/1996,20:00,Olympique de lyonnais,0-0,FC Metz,0,57.9,9,6,8,5
18413,43000,15,ven,02/11/1996,20:00,Olympique de lyonnais,2-0,Stade Rennais FC,0,57.9,11,10,8,16
15707,43000,17,mer,13/11/1996,20:00,Olympique de lyonnais,3-1,OGC Nice,0,57.9,10,20,8,20
24068,43000,19,ven,23/11/1996,20:00,Olympique de lyonnais,2-2,FC Girondins de Bordeaux,0,57.9,9,4,8,4
10000,43000,21,ven,07/12/1996,20:00,Olympique de lyonnais,3-0,SM Caen,0,57.9,10,19,8,17
20000,43000,23,sam,20/12/1996,20:00,Olympique de lyonnais,0-1,FC Nantes Atlantique,0,57.9,9,8,8,3
21642,43000,25,dim,02/02/1997,20:45,Olympique de lyonnais,3-3,AS Monaco,0,57.9,10,1,8,1
12000,43000,27,sam,21/02/1997,18:30,Olympique de lyonnais,0-0,RC Lens,0,57.9,10,15,8,13
12000,43000,29,ven,15/03/1997,20:00,Olympique de lyonnais,2-1,EA Guingamp,0,57.9,9,11,8,12
17883,43000,30,ven,22/03/1997,20:00,Olympique de lyonnais,2-1,Havre AC,0,57.9,9,14,8,14
22399,43000,32,ven,05/04/1997,20:00,Olympique de lyonnais,2-0,AJ Auxerre,0,57.9,8,7,8,6
20000,43000,34,ven,26/04/1997,20:00,Olympique de lyonnais,4-2,SC Bastia,0,57.9,9,6,8,7
22445,43000,36,ven,03/05/1997,20:00,Olympique de lyonnais,0-0,Lille OSC,0,57.9,8,18,8,19
28250,43000,38,ven,24/05/1997,20:00,Olympique de lyonnais,8-0,Olympique de Marseille,1,57.9,8,11,8,11
18049,43000,1,ven,02/08/1997,20:00,Olympique de lyonnais,0-1,FC Metz,0,47.1,11,5,6,2
22893,43000,3,ven,16/08/1997,20:00,Olympique de lyonnais,0-3,AS Monaco,0,47.1,12,7,6,3
18144,43000,5,ven,30/08/1997,20:00,Olympique de lyonnais,0-2,SC Bastia,0,47.1,10,3,6,9
15213,43000,7,sam,12/09/1997,20:00,Olympique de lyonnais,3-1,RC Strasbourg,0,47.1,11,14,6,13
20959,43000,9,jeu,25/09/1997,18:30,Olympique de lyonnais,1-3,RC Lens,0,47.1,10,5,6,1
15414,43000,11,mer,08/10/1997,20:00,Olympique de lyonnais,1-2,Montpellier Herault SC,0,47.1,10,12,6,12
23817,43000,13,ven,25/10/1997,20:00,Olympique de lyonnais,0-0,Toulouse FC,0,47.1,11,9,6,15
24214,43000,14,sam,31/10/1997,20:00,Olympique de lyonnais,1-0,Paris Saint-Germain FC,1,47.1,11,1,6,8
15706,43000,16,sam,14/11/1997,20:00,Olympique de lyonnais,2-1,LB Châteauroux,0,47.1,9,15,6,17
19543,43000,18,ven,29/11/1997,20:00,Olympique de lyonnais,3-1,Stade Rennais FC,0,47.1,9,17,6,14
20693,43000,20,ven,13/12/1997,20:00,Olympique de lyonnais,0-1,Havre AC,0,47.1,9,14,6,10
29416,43000,22,ven,10/01/1998,20:00,Olympique de lyonnais,2-1,Olympique de Marseille,1,47.1,8,4,6,4
24359,43000,24,dim,25/01/1998,20:30,Olympique de lyonnais,1-0,AJ Auxerre,0,47.1,6,8,6,7
17169,43000,26,sam,13/02/1998,20:00,Olympique de lyonnais,1-0,EA Guingamp,0,47.1,6,14,6,16
25272,43000,28,sam,06/03/1998,18:30,Olympique de lyonnais,0-0,FC Nantes Atlantique,0,47.1,7,11,6,11
42210,43000,31,mar,07/04/1998,20:00,Olympique de lyonnais,1-1,FC Girondins de Bordeaux,0,47.1,7,6,6,5
37132,43000,33,ven,25/04/1998,20:00,Olympique de lyonnais,2-0,AS Cannes,0,47.1,6,17,6,18
22668,42000,2,sam,14/08/1998,18:30,Olympique de lyonnais,6-1,Toulouse FC,0,70.6,4,10,3,18
40727,42000,4,ven,29/08/1998,20:00,Olympique de lyonnais,1-1,AS Monaco,0,70.6,3,4,3,4
26172,42000,6,ven,19/09/1998,20:00,Olympique de lyonnais,3-1,RC Lens,0,70.6,2,10,3,6
37413,42000,9,sam,16/10/1998,20:30,Olympique de lyonnais,1-1,Paris Saint-Germain FC,1,70.6,5,10,3,9
31944,42000,11,jeu,29/10/1998,20:00,Olympique de lyonnais,0-0,Havre AC,0,70.6,6,15,3,15
27506,42000,13,mer,11/11/1998,20:00,Olympique de lyonnais,2-0,Montpellier Herault SC,0,70.6,5,10,3,8
40513,42000,15,jeu,19/11/1998,20:30,Olympique de lyonnais,2-1,Olympique de Marseille,1,70.6,4,1,3,2
24832,42000,17,jeu,03/12/1998,20:30,Olympique de lyonnais,2-1,FC Girondins de Bordeaux,0,70.6,5,1,3,1
21582,42000,19,mer,16/12/1998,20:00,Olympique de lyonnais,2-2,FC Lorient,0,70.6,6,16,3,16
15000,42000,23,ven,06/02/1999,20:00,Olympique de lyonnais,2-1,AS Nancy Lorraine,0,70.6,3,14,3,11
23094,42000,24,ven,13/02/1999,20:00,Olympique de lyonnais,2-1,FC Nantes Atlantique,0,70.6,3,5,3,7
22649,42000,26,mer,10/03/1999,20:00,Olympique de lyonnais,2-1,AJ Auxerre,0,70.6,3,10,3,14
27784,42000,28,ven,03/04/1999,20:00,Olympique de lyonnais,2-0,FC Metz,0,70.6,3,14,3,10
26724,42000,21,jeu,08/04/1999,20:00,Olympique de lyonnais,4-1,FC Sochaux-Montbeliard,0,70.6,3,17,3,17
37287,42000,30,dim,25/04/1999,20:30,Olympique de lyonnais,1-2,Stade Rennais FC,0,70.6,3,4,3,5
25474,42000,32,mer,05/05/1999,20:00,Olympique de lyonnais,2-1,SC Bastia,0,70.6,3,13,3,13
41440,42000,34,ven,29/05/1999,20:00,Olympique de lyonnais,3-2,RC Strasbourg,0,70.6,3,12,3,12
38443,42000,1,ven,31/07/1999,20:00,Olympique de lyonnais,1-2,Montpellier Herault SC,0,58.8,13,3,3,18
33509,42000,3,dim,15/08/1999,19:00,Olympique de lyonnais,2-2,Stade Rennais FC,0,58.8,10,16,3,13
38541,42000,5,dim,29/08/1999,20:45,Olympique de lyonnais,1-0,Paris Saint-Germain FC,1,58.8,3,2,3,2
36706,42000,6,ven,11/09/1999,20:00,Olympique de lyonnais,0-0,AJ Auxerre,0,58.8,2,3,3,8
31159,42000,8,ven,25/09/1999,20:00,Olympique de lyonnais,0-0,RC Strasbourg,0,58.8,1,8,3,9
35729,42000,10,mar,12/10/1999,18:45,Olympique de lyonnais,2-0,FC Nantes Atlantique,0,58.8,2,12,3,12
30679,42000,12,dim,24/10/1999,19:00,Olympique de lyonnais,2-1,AS Nancy Lorraine,0,58.8,1,14,3,16
35811,42000,14,dim,07/11/1999,17:00,Olympique de lyonnais,3-0,Havre AC,0,58.8,2,17,3,17
30551,42000,16,ven,20/11/1999,19:00,Olympique de lyonnais,1-0,RC Lens,0,58.8,2,14,3,5
34951,42000,18,sam,03/12/1999,20:00,Olympique de lyonnais,1-3,ATAC Troyes,0,58.8,3,11,3,14
27917,42000,20,ven,18/12/1999,20:00,Olympique de lyonnais,2-0,FC Metz,0,58.8,2,14,3,11
31492,42000,23,mer,26/01/2000,20:00,Olympique de lyonnais,1-1,FC Girondins de Bordeaux,0,58.8,3,5,3,4
38478,42000,25,dim,06/02/2000,20:45,Olympique de lyonnais,2-1,AS Monaco,0,58.8,4,1,3,1
39758,42000,27,ven,26/02/2000,21:00,Olympique de lyonnais,2-0,Olympique de Marseille,1,58.8,2,13,3,15
40080,42000,29,dim,26/03/2000,18:45,Olympique de lyonnais,2-0,CS Sedan,0,58.8,2,5,3,7
39218,42000,31,sam,14/04/2000,20:45,Olympique de lyonnais,0-0,AS Saint-Etienne,1,58.8,2,9,3,6
39695,42000,33,jeu,04/05/2000,20:00,Olympique de lyonnais,2-1,SC Bastia,0,58.8,3,11,3,10
33669,42000,1,ven,29/07/2000,20:00,Olympique de lyonnais,2-2,Stade Rennais FC,0,58.8,6,6,2,6
29268,42000,3,ven,12/08/2000,20:00,Olympique de lyonnais,0-0,FC Metz,0,58.8,11,13,2,12
28103,42000,5,ven,26/08/2000,20:00,Olympique de lyonnais,1-0,ESTAC Troyes,0,58.8,12,14,2,7
34529,42000,7,ven,09/09/2000,20:00,Olympique de lyonnais,3-0,RC Lens,0,58.8,9,2,2,14
32936,42000,9,ven,23/09/2000,20:00,Olympique de lyonnais,0-1,EA Guingamp,0,58.8,9,10,2,10
36339,42000,13,dim,29/10/2000,19:00,Olympique de lyonnais,2-2,AJ Auxerre,0,58.8,8,14,2,13
32948,42000,16,ven,18/11/2000,20:00,Olympique de lyonnais,0-1,Lille OSC,0,58.8,8,3,2,3
28284,42000,18,mer,29/11/2000,20:00,Olympique de lyonnais,2-2,CS Sedan,0,58.8,7,4,2,5
35853,42000,20,ven,09/12/2000,20:00,Olympique de lyonnais,1-0,SC Bastia,0,58.8,5,6,2,8
30129,42000,11,mer,13/12/2000,20:00,Olympique de lyonnais,4-1,Toulouse FC,0,58.8,5,18,2,16
38959,42000,22,jeu,21/12/2000,20:30,Olympique de lyonnais,2-1,AS Saint-Etienne,1,58.8,5,16,2,17
35518,42000,24,ven,27/01/2001,17:15,Olympique de lyonnais,3-1,FC Nantes Atlantique,0,58.8,4,2,2,1
37093,42000,26,mar,06/02/2001,20:45,Olympique de lyonnais,1-1,Olympique de Marseille,1,58.8,5,14,2,15
35445,42000,28,ven,03/03/2001,17:15,Olympique de lyonnais,2-1,FC Girondins de Bordeaux,0,58.8,4,5,2,4
39529,42000,30,ven,07/04/2001,17:15,Olympique de lyonnais,2-1,AS Monaco,0,58.8,3,12,2,11
38366,42000,31,dim,15/04/2001,20:45,Olympique de lyonnais,2-0,Paris Saint-Germain FC,1,58.8,2,12,2,9
40629,42000,33,ven,12/05/2001,20:00,Olympique de lyonnais,5-0,RC Strasbourg,0,58.8,2,18,2,18
34926,42000,2,ven,04/08/2001,20:00,Olympique de lyonnais,2-0,CS Sedan,0,82.4,7,16,1,14
35807,42000,4,ven,18/08/2001,20:00,Olympique de lyonnais,3-0,EA Guingamp,0,82.4,3,13,1,16
34324,42000,7,ven,15/09/2001,17:15,Olympique de lyonnais,4-1,FC Nantes Atlantique,0,82.4,3,18,1,10
30881,42000,9,ven,29/09/2001,20:00,Olympique de lyonnais,4-0,Stade Rennais FC,0,82.4,1,16,1,12
35700,42000,11,ven,20/10/2001,17:15,Olympique de lyonnais,1-1,FC Sochaux-Montbeliard,0,82.4,3,5,1,8
34788,42000,13,dim,04/11/2001,20:45,Olympique de lyonnais,4-2,Lille OSC,0,82.4,3,2,1,5
39165,42000,15,dim,25/11/2001,18:00,Olympique de lyonnais,3-0,AJ Auxerre,0,82.4,2,4,1,3
31010,42000,17,dim,09/12/2001,20:45,Olympique de lyonnais,1-0,FC Girondins de Bordeaux,0,82.4,2,6,1,6
29506,42000,19,mer,16/01/2002,20:30,Olympique de lyonnais,0-0,SC Bastia,0,82.4,2,11,1,11
38378,42000,22,mer,23/01/2002,20:30,Olympique de lyonnais,4-0,Olympique de Marseille,1,82.4,2,12,1,9
30336,42000,24,ven,02/02/2002,20:00,Olympique de lyonnais,4-1,FC Metz,0,82.4,2,17,1,17
31968,42000,21,ven,09/02/2002,18:00,Olympique de lyonnais,3-1,ESTAC Troyes,0,82.4,2,7,1,7
38323,42000,26,dim,17/02/2002,20:45,Olympique de lyonnais,3-0,Paris Saint-Germain FC,1,82.4,2,4,1,4
32105,42000,28,mer,06/03/2002,20:30,Olympique de lyonnais,1-0,AS Monaco FC,0,82.4,2,11,1,15
36221,42000,30,ven,23/03/2002,20:00,Olympique de lyonnais,2-0,FC Lorient,0,82.4,2,18,1,18
39125,42000,32,ven,13/04/2002,20:00,Olympique de lyonnais,0-0,Montpellier Herault SC,0,82.4,2,14,1,13
39691,42000,34,ven,04/05/2002,20:00,Olympique de lyonnais,3-1,RC Lens,0,82.4,1,2,1,2
36918,42000,2,ven,10/08/2002,20:00,Olympique de lyonnais,6-1,CS Sedan,0,63.2,2,20,1,19
38777,42000,4,ven,24/08/2002,20:00,Olympique de lyonnais,4-1,SC Bastia,0,63.2,3,15,1,12
33711,42000,6,mar,10/09/2002,20:45,Olympique de lyonnais,1-0,RC Lens,0,63.2,3,8,1,8
38392,42000,8,ven,21/09/2002,17:15,Olympique de lyonnais,1-3,AS Monaco FC,0,63.2,10,5,1,2
40101,42000,11,ven,19/10/2002,17:15,Olympique de lyonnais,3-0,AJ Auxerre,0,63.2,6,2,1,6
37511,42000,13,ven,02/11/2002,17:15,Olympique de lyonnais,2-2,OGC Nice,0,63.2,5,3,1,10
38809,42000,15,ven,16/11/2002,20:00,Olympique de lyonnais,4-2,FC Girondins de Bordeaux,0,63.2,2,11,1,4
34235,42000,17,dim,01/12/2002,18:00,Olympique de lyonnais,2-1,RC Strasbourg,0,63.2,1,9,1,13
30059,42000,19,dim,15/12/2002,20:00,Olympique de lyonnais,1-1,Montpellier Herault SC,0,63.2,4,20,1,16
38775,42000,21,sam,10/01/2003,20:45,Olympique de lyonnais,1-0,Olympique de Marseille,1,63.2,2,5,1,3
30662,42000,23,mer,22/01/2003,18:00,Olympique de lyonnais,4-1,FC Sochaux-Montbeliard,0,63.2,2,5,1,5
33227,42000,25,ven,01/02/2003,20:00,Olympique de lyonnais,0-0,FC Nantes Atlantique,0,63.2,5,9,1,9
32019,42000,27,ven,08/02/2003,20:00,Olympique de lyonnais,0-0,ESTAC Troyes,0,63.2,5,20,1,20
37949,42000,28,ven,22/02/2003,20:00,Olympique de lyonnais,4-1,Stade Rennais FC,0,63.2,4,16,1,15
38786,42000,30,ven,08/03/2003,20:00,Olympique de lyonnais,3-1,AC Ajaccio,0,63.2,3,19,1,17
39652,42000,32,ven,05/04/2003,17:15,Olympique de lyonnais,2-1,Havre AC,0,63.2,1,14,1,18
40083,42000,34,ven,19/04/2003,20:00,Olympique de lyonnais,0-0,Lille OSC,0,63.2,2,16,1,14
37823,42000,36,dim,11/05/2003,21:00,Olympique de lyonnais,1-0,Paris Saint-Germain FC,1,63.2,1,9,1,11
40152,42000,38,ven,24/05/2003,20:30,Olympique de lyonnais,1-4,EA Guingamp,0,63.2,1,7,1,7
39726,41670,2,ven,09/08/2003,20:00,Olympique de lyonnais,3-1,AS Monaco FC,0,68.4,8,11,1,3
35192,41670,4,ven,23/08/2003,20:00,Olympique de lyonnais,0-0,Toulouse FC,0,68.4,6,19,1,16
38321,41670,6,ven,13/09/2003,17:15,Olympique de lyonnais,1-1,AJ Auxerre,0,68.4,11,14,1,4
33695,41670,8,ven,27/09/2003,17:15,Olympique de lyonnais,4-0,RC Lens,0,68.4,3,10,1,8
36907,41670,10,ven,18/10/2003,20:00,Olympique de lyonnais,1-1,FC Sochaux-Montbeliard,0,68.4,5,10,1,5
34034,41670,12,ven,01/11/2003,17:15,Olympique de lyonnais,5-0,OGC Nice,0,68.4,2,12,1,11
33682,41670,14,sam,21/11/2003,20:30,Olympique de lyonnais,1-0,RC Strasbourg,0,68.4,2,11,1,13
31999,41670,17,sam,05/12/2003,19:00,Olympique de lyonnais,2-1,FC Metz,0,68.4,2,16,1,14
36720,41670,19,sam,19/12/2003,21:00,Olympique de lyonnais,1-1,Paris Saint-Germain FC,1,68.4,2,4,1,2
32658,41670,21,ven,17/01/2004,20:00,Olympique de lyonnais,3-0,Montpellier Herault SC,0,68.4,2,17,1,20
32363,41670,16,mer,28/01/2004,21:00,Olympique de lyonnais,3-0,FC Girondins de Bordeaux,0,68.4,2,13,1,12
34523,41670,23,ven,07/02/2004,20:00,Olympique de lyonnais,0-1,EA Guingamp,0,68.4,3,18,1,18
35811,41670,25,ven,21/02/2004,17:15,Olympique de lyonnais,2-0,Le Mans UC 72,0,68.4,2,20,1,19
35829,41670,27,sam,05/03/2004,20:00,Olympique de lyonnais,4-0,AC Ajaccio,0,68.4,2,15,1,15
35643,41670,29,ven,20/03/2004,17:15,Olympique de lyonnais,1-0,FC Nantes Atlantique,0,68.4,1,8,1,6
38602,41670,31,ven,03/04/2004,17:15,Olympique de lyonnais,1-2,Olympique de Marseille,1,68.4,2,6,1,7
39869,41670,33,ven,24/04/2004,20:00,Olympique de lyonnais,3-0,Stade Rennais FC,0,68.4,1,12,1,9
38723,41670,36,mer,12/05/2004,20:30,Olympique de lyonnais,1-0,SC Bastia,0,68.4,1,15,1,17
39944,41670,38,dim,23/05/2004,20:00,Olympique de lyonnais,3-0,Lille OSC,0,68.4,1,10,1,10
38041,41044,2,ven,14/08/2004,20:00,Olympique de lyonnais,1-1,FC Sochaux-Montbeliard,0,68.4,7,7,1,10
34107,41044,4,ven,28/08/2004,20:00,Olympique de lyonnais,1-0,Lille OSC,0,68.4,6,13,1,2
33268,41044,6,ven,18/09/2004,20:00,Olympique de lyonnais,0-0,SC Bastia,0,68.4,3,3,1,19
38825,41044,8,ven,25/09/2004,17:15,Olympique de lyonnais,0-0,AS Monaco FC,0,68.4,3,1,1,3
33816,41044,10,sam,15/10/2004,20:00,Olympique de lyonnais,4-0,SM Caen,0,68.4,1,14,1,18
38220,41044,12,ven,30/10/2004,20:00,Olympique de lyonnais,1-0,RC Strasbourg,0,68.4,1,19,1,11
35556,41044,14,ven,13/11/2004,17:15,Olympique de lyonnais,2-0,FC Nantes Atlantique,0,68.4,1,11,1,17
37933,41044,16,ven,27/11/2004,17:15,Olympique de lyonnais,2-1,AJ Auxerre,0,68.4,1,4,1,8
38728,41044,19,sam,17/12/2004,21:00,Olympique de lyonnais,1-1,Olympique de Marseille,1,68.4,1,5,1,5
38909,41044,21,ven,15/01/2005,20:00,Olympique de lyonnais,2-0,FC Metz,0,68.4,1,13,1,16
37276,41044,23,mer,26/01/2005,18:00,Olympique de lyonnais,2-1,Stade Rennais FC,0,68.4,1,11,1,4
37447,41044,25,ven,05/02/2005,20:00,Olympique de lyonnais,4-0,Toulouse FC,0,68.4,1,7,1,13
38915,41044,27,ven,26/02/2005,17:15,Olympique de lyonnais,3-2,AS Saint-Etienne,1,68.4,1,8,1,6
37299,41044,29,ven,12/03/2005,17:15,Olympique de lyonnais,2-1,FC Istres,0,68.4,1,20,1,20
37669,41044,31,ven,02/04/2005,20:00,Olympique de lyonnais,1-0,RC Lens,0,68.4,1,10,1,7
37864,41044,33,dim,17/04/2005,21:00,Olympique de lyonnais,0-1,Paris Saint-Germain FC,1,68.4,1,10,1,9
38946,41044,35,dim,08/05/2005,21:00,Olympique de lyonnais,2-1,AC Ajaccio,0,68.4,1,16,1,14
38954,41044,36,dim,15/05/2005,21:00,Olympique de lyonnais,5-1,FC Girondins de Bordeaux,0,68.4,1,13,1,15
40352,41044,38,ven,28/05/2005,20:00,Olympique de lyonnais,0-0,OGC Nice,0,68.4,1,12,1,12
37680,41044,2,dim,07/08/2005,20:45,Olympique de lyonnais,1-0,RC Strasbourg,0,68.4,4,15,1,19
38938,41044,4,ven,20/08/2005,20:00,Olympique de lyonnais,1-0,AS Nancy Lorraine,0,68.4,2,20,1,12
39043,41044,6,ven,10/09/2005,17:15,Olympique de lyonnais,2-1,AS Monaco FC,0,68.4,1,12,1,10
36337,41044,8,jeu,22/09/2005,20:45,Olympique de lyonnais,1-1,RC Lens,0,68.4,1,4,1,4
36347,41044,11,dim,16/10/2005,18:00,Olympique de lyonnais,3-2,AC Ajaccio,0,68.4,1,16,1,18
40117,41044,13,ven,29/10/2005,20:00,Olympique de lyonnais,1-0,FC Sochaux-Montbeliard,0,68.4,1,17,1,15
37940,41044,15,ven,19/11/2005,20:00,Olympique de lyonnais,2-1,ESTAC Troyes,0,68.4,1,17,1,17
38135,41044,17,ven,03/12/2005,17:15,Olympique de lyonnais,2-0,Paris Saint-Germain FC,1,68.4,1,6,1,9
37677,41044,19,sam,16/12/2005,20:45,Olympique de lyonnais,1-3,Lille OSC,0,68.4,1,8,1,3
38912,41044,21,mer,11/01/2006,21:00,Olympique de lyonnais,2-1,Olympique de Marseille,1,68.4,1,9,1,5
37958,41044,23,dim,22/01/2006,20:45,Olympique de lyonnais,1-1,AJ Auxerre,0,68.4,1,3,1,6
39354,41044,25,dim,05/02/2006,21:00,Olympique de lyonnais,0-0,FC Girondins de Bordeaux,0,68.4,1,2,1,2
38393,41044,27,sam,17/02/2006,20:45,Olympique de lyonnais,3-1,FC Nantes Atlantique,0,68.4,1,13,1,14
39168,41044,28,ven,25/02/2006,20:00,Olympique de lyonnais,1-4,Stade Rennais FC,0,68.4,1,12,1,7
37000,41044,30,ven,11/03/2006,20:00,Olympique de lyonnais,4-0,FC Metz,0,68.4,1,19,1,20
39794,41044,32,ven,25/03/2006,17:15,Olympique de lyonnais,1-1,Toulouse FC,0,68.4,1,15,1,16
38545,41044,34,ven,08/04/2006,20:00,Olympique de lyonnais,2-1,OGC Nice,0,68.4,1,11,1,8
39081,41044,36,dim,30/04/2006,21:00,Olympique de lyonnais,4-0,AS Saint-Etienne,1,68.4,1,13,1,13
40426,41044,38,ven,13/05/2006,20:00,Olympique de lyonnais,8-1,Le Mans UC 72,0,68.4,1,11,1,11
39280,41044,2,ven,12/08/2006,20:00,Olympique de lyonnais,1-1,Toulouse FC,0,63.2,4,17,1,3
37391,41044,5,ven,09/09/2006,20:00,Olympique de lyonnais,2-0,ESTAC Troyes,0,63.2,2,19,1,18
40165,41044,7,ven,23/09/2006,17:15,Olympique de lyonnais,4-1,Lille OSC,0,63.2,1,9,1,10
39218,41044,9,ven,14/10/2006,17:00,Olympique de lyonnais,2-1,AS Saint-Etienne,1,63.2,1,8,1,11
40298,41044,11,dim,29/10/2006,21:00,Olympique de lyonnais,1-0,AS Nancy Lorraine,0,63.2,1,3,1,13
39833,41044,13,sam,10/11/2006,20:30,Olympique de lyonnais,2-1,Valenciennes FC,0,63.2,1,15,1,17
39576,41044,15,dim,26/11/2006,21:00,Olympique de lyonnais,1-0,AJ Auxerre,0,63.2,1,14,1,8
36072,41044,17,dim,10/12/2006,21:00,Olympique de lyonnais,3-1,Paris Saint-Germain FC,1,63.2,1,15,1,15
38225,41044,19,ven,23/12/2006,17:10,Olympique de lyonnais,0-0,AS Monaco FC,0,63.2,1,15,1,9
35305,41044,21,mer,24/01/2007,20:45,Olympique de lyonnais,1-2,FC Girondins de Bordeaux,0,63.2,1,7,1,6
33971,41044,22,ven,27/01/2007,20:00,Olympique de lyonnais,1-1,OGC Nice,0,63.2,1,19,1,16
37976,41044,24,ven,10/02/2007,20:00,Olympique de lyonnais,1-0,FC Lorient,0,63.2,1,10,1,14
40363,41044,26,ven,24/02/2007,20:00,Olympique de lyonnais,3-3,FC Sochaux-Montbeliard,0,63.2,1,4,1,7
38930,41044,28,dim,11/03/2007,21:00,Olympique de lyonnais,1-1,Olympique de Marseille,1,63.2,1,8,1,2
37539,41044,32,dim,15/04/2007,21:00,Olympique de lyonnais,1-0,CS Sedan,0,63.2,1,19,1,19
39848,41044,30,mer,18/04/2007,19:00,Olympique de lyonnais,0-0,Stade Rennais FC,0,63.2,1,11,1,4
40026,41044,34,ven,28/04/2007,20:00,Olympique de lyonnais,2-1,Le Mans UC 72,0,63.2,1,13,1,12
38213,41044,36,mer,09/05/2007,20:45,Olympique de lyonnais,3-0,RC Lens,0,63.2,1,3,1,5
40149,41044,38,ven,26/05/2007,20:45,Olympique de lyonnais,3-1,FC Nantes Atlantique,0,63.2,1,20,1,20
35537,41044,1,dim,05/08/2007,21:00,Olympique de lyonnais,2-0,AJ Auxerre,0,73.7,2,19,1,15
38438,41044,5,dim,26/08/2007,21:00,Olympique de lyonnais,1-0,AS Saint-Etienne,1,73.7,7,13,1,5
35042,41044,7,ven,01/09/2007,20:00,Olympique de lyonnais,3-2,Le Mans UC 72,0,73.7,2,10,1,9
32658,41044,9,dim,23/09/2007,21:00,Olympique de lyonnais,1-1,Lille OSC,0,73.7,2,14,1,7
38420,41044,3,ven,29/09/2007,18:00,Olympique de lyonnais,3-0,RC Lens,0,73.7,4,18,1,18
36254,41044,11,ven,20/10/2007,16:15,Olympique de lyonnais,3-1,AS Monaco FC,0,73.7,1,12,1,12
38631,41044,13,ven,03/11/2007,20:00,Olympique de lyonnais,2-0,Valenciennes FC,0,73.7,1,9,1,13
38811,41044,14,dim,11/11/2007,21:00,Olympique de lyonnais,1-2,Olympique de Marseille,1,73.7,1,17,1,3
34595,41044,16,dim,02/12/2007,20:55,Olympique de lyonnais,5-0,RC Strasbourg,0,73.7,1,13,1,19
37280,41044,18,ven,15/12/2007,17:10,Olympique de lyonnais,0-0,OGC Nice,0,73.7,1,7,1,8
36587,41044,20,ven,12/01/2008,20:00,Olympique de lyonnais,3-2,Toulouse FC,0,73.7,1,15,1,17
37780,41044,22,mer,23/01/2008,20:30,Olympique de lyonnais,2-0,FC Lorient,0,73.7,1,8,1,10
35904,41044,24,ven,09/02/2008,20:00,Olympique de lyonnais,4-1,FC Sochaux-Montbeliard,0,73.7,1,19,1,14
37281,41044,26,ven,23/02/2008,20:00,Olympique de lyonnais,2-0,FC Metz,0,73.7,1,20,1,20
40381,41044,28,dim,09/03/2008,20:55,Olympique de lyonnais,4-2,FC Girondins de Bordeaux,0,73.7,1,2,1,2
37895,41044,30,dim,23/03/2008,20:55,Olympique de lyonnais,4-2,Paris Saint-Germain FC,1,73.7,1,18,1,16
39900,41044,33,ven,12/04/2008,17:10,Olympique de lyonnais,1-1,Stade Rennais FC,0,73.7,1,10,1,6
39068,41044,35,ven,26/04/2008,20:00,Olympique de lyonnais,2-2,SM Caen,0,73.7,1,11,1,11
38190,41044,37,ven,10/05/2008,20:45,Olympique de lyonnais,1-0,AS Nancy Lorraine,0,73.7,1,3,1,4
36448,41044,1,dim,10/08/2008,21:00,Olympique de lyonnais,3-0,Toulouse FC,0,52.6,1,20,3,4
38754,41044,3,ven,23/08/2008,21:00,Olympique de lyonnais,2-0,Grenoble Foot 38,0,52.6,2,7,3,13
35925,41044,5,ven,13/09/2008,19:00,Olympique de lyonnais,3-2,OGC Nice,0,52.6,1,6,3,9
36895,41044,7,ven,27/09/2008,19:00,Olympique de lyonnais,2-1,AS Nancy Lorraine,0,52.6,1,14,3,15
38314,41044,9,ven,18/10/2008,21:00,Olympique de lyonnais,2-2,Lille OSC,0,52.6,1,6,3,5
36456,41044,12,dim,02/11/2008,21:00,Olympique de lyonnais,2-0,Le Mans UC 72,0,52.6,1,9,3,16
36341,41044,14,dim,16/11/2008,21:00,Olympique de lyonnais,2-1,FC Girondins de Bordeaux,0,52.6,1,6,3,1
35988,41044,16,ven,29/11/2008,19:00,Olympique de lyonnais,0-0,Valenciennes FC,0,52.6,1,20,3,12
39638,41044,18,dim,14/12/2008,21:00,Olympique de lyonnais,0-0,Olympique de Marseille,1,52.6,1,2,3,2
34809,41044,20,ven,10/01/2009,21:00,Olympique de lyonnais,1-1,FC Lorient,0,52.6,1,9,3,10
38590,41044,22,dim,01/02/2009,21:00,Olympique de lyonnais,1-1,AS Saint-Etienne,1,52.6,1,18,3,17
37118,41044,24,dim,15/02/2009,17:00,Olympique de lyonnais,3-1,Havre AC,0,52.6,1,20,3,20
34870,41044,26,dim,01/03/2009,21:00,Olympique de lyonnais,1-1,Stade Rennais FC,0,52.6,1,6,3,7
37846,41044,28,dim,15/03/2009,17:00,Olympique de lyonnais,0-2,AJ Auxerre,0,52.6,1,10,3,8
37334,41044,29,dim,22/03/2009,17:00,Olympique de lyonnais,2-0,FC Sochaux-Montbeliard,0,52.6,1,17,3,14
40245,41044,31,dim,12/04/2009,21:00,Olympique de lyonnais,2-2,AS Monaco FC,0,52.6,2,10,3,11
38827,41044,33,sam,24/04/2009,20:30,Olympique de lyonnais,0-0,Paris Saint-Germain FC,1,52.6,3,4,3,6
36792,41044,35,mar,12/05/2009,21:00,Olympique de lyonnais,3-0,FC Nantes,0,52.6,3,19,3,19
39312,41044,37,ven,23/05/2009,21:00,Olympique de lyonnais,3-1,SM Caen,0,52.6,3,17,3,18
31745,41044,2,ven,15/08/2009,19:00,Olympique de lyonnais,1-0,Valenciennes FC,0,63.2,8,17,2,10
34193,41044,4,ven,29/08/2009,21:00,Olympique de lyonnais,3-1,AS Nancy Lorraine,0,63.2,3,9,2,12
36600,41044,5,ven,12/09/2009,19:00,Olympique de lyonnais,1-0,FC Lorient,0,63.2,2,11,2,7
34031,41044,7,ven,26/09/2009,21:00,Olympique de lyonnais,2-1,Toulouse FC,0,63.2,2,11,2,14
36489,41044,9,ven,17/10/2009,19:00,Olympique de lyonnais,0-2,FC Sochaux-Montbeliard,0,63.2,1,11,2,16
38018,41044,13,dim,08/11/2009,21:00,Olympique de lyonnais,5-5,Olympique de Marseille,1,63.2,2,4,2,1
35978,41044,15,dim,29/11/2009,21:00,Olympique de lyonnais,1-1,Stade Rennais FC,0,63.2,2,12,2,9
36887,41044,17,dim,13/12/2009,21:00,Olympique de lyonnais,0-1,FC Girondins de Bordeaux,0,63.2,4,1,2,6
37512,41044,11,mer,16/12/2009,19:00,Olympique de lyonnais,2-0,US Boulogne CO,0,63.2,4,18,2,19
37963,41044,19,mer,23/12/2009,19:00,Olympique de lyonnais,1-2,Montpellier Herault SC,0,63.2,6,4,2,5
34157,41044,22,dim,31/01/2010,21:00,Olympique de lyonnais,2-1,Paris Saint-Germain FC,1,63.2,5,14,2,13
33239,41044,24,ven,13/02/2010,21:00,Olympique de lyonnais,1-0,RC Lens,0,63.2,4,12,2,11
33593,41044,26,ven,27/02/2010,19:00,Olympique de lyonnais,2-0,OGC Nice,0,63.2,4,17,2,15
36199,41044,28,ven,13/03/2010,21:00,Olympique de lyonnais,1-1,AS Saint-Etienne,1,63.2,6,17,2,17
32323,41044,30,ven,27/03/2010,17:00,Olympique de lyonnais,2-0,Grenoble Foot 38,0,63.2,6,20,2,20
38593,41044,32,dim,11/04/2010,17:00,Olympique de lyonnais,1-1,Lille OSC,0,63.2,3,6,2,4
36262,41044,36,mer,05/05/2010,19:00,Olympique de lyonnais,2-1,AJ Auxerre,0,63.2,2,4,2,3
38432,41044,34,mer,12/05/2010,19:00,Olympique de lyonnais,3-0,AS Monaco FC,0,63.2,3,9,2,8
37353,41044,38,ven,15/05/2010,21:00,Olympique de lyonnais,2-0,Le Mans UC 72,0,63.2,2,18,2,18
35275,41044,1,ven,07/08/2010,21:00,Olympique de lyonnais,0-0,AS Monaco FC,0,57.9,11,11,3,18
32720,41044,3,ven,21/08/2010,19:00,Olympique de lyonnais,1-0,Stade Brestois 29,0,57.9,10,19,3,16
35925,41044,5,ven,11/09/2010,19:00,Olympique de lyonnais,1-1,Valenciennes FC,0,57.9,16,12,3,12
39408,41044,7,ven,25/09/2010,21:00,Olympique de lyonnais,0-1,AS Saint-Etienne,1,57.9,18,1,3,10
34976,41044,9,dim,17/10/2010,21:00,Olympique de lyonnais,3-1,Lille OSC,0,57.9,14,6,3,1
33992,41044,11,ven,30/10/2010,19:00,Olympique de lyonnais,2-1,FC Sochaux-Montbeliard,0,57.9,10,16,3,5
32672,41044,13,dim,14/11/2010,21:00,Olympique de lyonnais,1-0,OGC Nice,0,57.9,9,14,3,17
34965,41044,15,dim,28/11/2010,21:00,Olympique de lyonnais,2-2,Paris Saint-Germain FC,1,57.9,8,4,3,4
32547,41044,17,dim,12/12/2010,17:00,Olympique de lyonnais,2-0,Toulouse FC,0,57.9,3,12,3,8
38838,41044,19,mer,22/12/2010,19:00,Olympique de lyonnais,1-1,AJ Auxerre,0,57.9,4,14,3,9
32722,41044,20,ven,15/01/2011,21:00,Olympique de lyonnais,3-0,FC Lorient,0,57.9,4,12,3,11
35909,41044,22,dim,06/02/2011,21:00,Olympique de lyonnais,0-0,FC Girondins de Bordeaux,0,57.9,6,9,3,7
31957,41044,24,sam,18/02/2011,20:45,Olympique de lyonnais,4-0,AS Nancy Lorraine,0,57.9,4,15,3,13
36786,41044,26,dim,06/03/2011,17:00,Olympique de lyonnais,5-0,AC Arles Avignon,0,57.9,3,20,3,20
35504,41044,28,ven,19/03/2011,21:00,Olympique de lyonnais,1-1,Stade Rennais FC,0,57.9,4,3,3,6
34429,41044,30,dim,10/04/2011,21:00,Olympique de lyonnais,3-0,RC Lens,0,57.9,3,19,3,19
34849,41044,32,mer,27/04/2011,19:00,Olympique de lyonnais,3-2,Montpellier Herault SC,0,57.9,3,10,3,14
39548,41044,34,dim,08/05/2011,21:00,Olympique de lyonnais,3-2,Olympique de Marseille,1,57.9,3,2,3,2
37026,41044,37,ven,21/05/2011,21:00,Olympique de lyonnais,0-0,SM Caen,0,57.9,3,16,3,15
30746,41044,2,ven,13/08/2011,19:00,Olympique de lyonnais,1-1,AC Ajaccio,0,68.4,6,18,4,16
31634,41044,4,ven,27/08/2011,21:00,Olympique de lyonnais,2-1,Montpellier Herault SC,0,68.4,2,1,4,1
38010,41044,6,dim,18/09/2011,21:00,Olympique de lyonnais,2-0,Olympique de Marseille,1,68.4,1,20,4,10
30806,41044,8,ven,24/09/2011,19:00,Olympique de lyonnais,3-1,FC Girondins de Bordeaux,0,68.4,1,14,4,5
33825,41044,10,ven,15/10/2011,19:00,Olympique de lyonnais,3-1,AS Nancy Lorraine,0,68.4,3,20,4,11
38982,41044,12,ven,29/10/2011,21:00,Olympique de lyonnais,2-0,AS Saint-Etienne,1,68.4,4,8,4,7
32193,41044,14,sam,18/11/2011,20:00,Olympique de lyonnais,1-2,Stade Rennais FC,0,68.4,5,4,4,6
31028,41044,16,dim,04/12/2011,21:00,Olympique de lyonnais,3-2,Toulouse FC,0,68.4,4,6,4,8
35253,41044,18,ven,17/12/2011,21:00,Olympique de lyonnais,2-1,evian Thonon Gaillard FC,0,68.4,4,12,4,9
35650,41044,21,ven,28/01/2012,19:00,Olympique de lyonnais,3-1,Dijon FCO,0,68.4,4,14,4,19
30692,41044,23,ven,11/02/2012,15:00,Olympique de lyonnais,1-2,SM Caen,0,68.4,4,13,4,18
37347,41044,25,ven,25/02/2012,21:00,Olympique de lyonnais,4-4,Paris Saint-Germain FC,1,68.4,5,2,4,2
33318,41044,27,ven,10/03/2012,21:00,Olympique de lyonnais,2-1,Lille OSC,0,68.4,7,3,4,3
32730,41044,29,ven,24/03/2012,19:00,Olympique de lyonnais,2-1,FC Sochaux-Montbeliard,0,68.4,5,19,4,14
31492,41044,31,ven,07/04/2012,21:00,Olympique de lyonnais,2-1,AJ Auxerre,0,68.4,4,20,4,20
30330,41044,33,dim,22/04/2012,21:15,Olympique de lyonnais,3-2,FC Lorient,0,68.4,4,14,4,17
30890,41044,35,mer,02/05/2012,19:00,Olympique de lyonnais,4-1,Valenciennes FC,0,68.4,4,12,4,12
31016,41044,36,dim,06/05/2012,17:00,Olympique de lyonnais,1-1,Stade Brestois 29,0,68.4,4,18,4,15
32335,41044,38,dim,20/05/2012,21:00,Olympique de lyonnais,3-4,OGC Nice,0,68.4,4,13,4,13
25186,41044,2,ven,18/08/2012,17:00,Olympique de lyonnais,4-1,ESTAC Troyes,0,57.9,1,20,3,19
25380,41044,4,ven,01/09/2012,17:00,Olympique de lyonnais,3-2,Valenciennes FC,0,57.9,2,6,3,11
25666,41044,5,dim,16/09/2012,17:00,Olympique de lyonnais,2-0,AC Ajaccio,0,57.9,2,14,3,17
30892,41044,7,dim,30/09/2012,21:00,Olympique de lyonnais,0-2,FC Girondins de Bordeaux,0,57.9,3,5,3,7
30047,41044,9,dim,21/10/2012,17:00,Olympique de lyonnais,1-0,Stade Brestois 29,0,57.9,3,14,3,20
27363,41044,11,dim,04/11/2012,17:00,Olympique de lyonnais,5-2,SC Bastia,0,57.9,1,12,3,12
33222,41044,13,dim,18/11/2012,14:00,Olympique de lyonnais,3-0,Stade de Reims,0,57.9,1,13,3,14
31491,41044,15,ven,01/12/2012,17:00,Olympique de lyonnais,1-0,Montpellier Herault SC,0,57.9,1,13,3,9
31952,41044,17,mer,12/12/2012,19:00,Olympique de lyonnais,1-1,AS Nancy Lorraine,0,57.9,1,19,3,18
30900,41044,19,ven,22/12/2012,20:00,Olympique de lyonnais,3-0,OGC Nice,0,57.9,2,9,3,4
30811,41044,21,sam,18/01/2013,20:30,Olympique de lyonnais,0-0,evian Thonon Gaillard FC,0,57.9,2,17,3,16
30705,41044,24,dim,10/02/2013,21:00,Olympique de lyonnais,1-3,Lille OSC,0,57.9,2,10,3,6
30343,41044,26,dim,24/02/2013,14:00,Olympique de lyonnais,3-1,FC Lorient,0,57.9,2,9,3,8
38819,41044,28,dim,10/03/2013,21:00,Olympique de lyonnais,0-0,Olympique de Marseille,1,57.9,2,3,3,2
34696,41044,30,dim,31/03/2013,21:00,Olympique de lyonnais,1-2,FC Sochaux-Montbeliard,0,57.9,3,17,3,15
34678,41044,32,dim,14/04/2013,17:00,Olympique de lyonnais,3-1,Toulouse FC,0,57.9,3,11,3,10
38845,41044,34,dim,28/04/2013,14:00,Olympique de lyonnais,1-1,AS Saint-Etienne,1,57.9,3,4,3,5
39939,41044,36,dim,12/05/2013,21:00,Olympique de lyonnais,0-1,Paris Saint-Germain FC,1,57.9,3,1,3,1
38705,41044,38,dim,26/05/2013,21:00,Olympique de lyonnais,2-0,Stade Rennais FC,0,57.9,3,13,3,13
23552,41044,1,ven,10/08/2013,21:00,Olympique de lyonnais,4-0,OGC Nice,0,42.1,1,20,5,17
24238,41044,3,ven,24/08/2013,20:00,Olympique de lyonnais,0-1,Stade de Reims,0,42.1,3,5,5,11
33352,41044,5,dim,15/09/2013,21:00,Olympique de lyonnais,0-0,Stade Rennais FC,0,42.1,9,6,5,12
33861,41044,6,dim,22/09/2013,17:00,Olympique de lyonnais,3-1,FC Nantes,0,42.1,8,17,5,13
39717,41044,8,ven,28/09/2013,20:00,Olympique de lyonnais,0-0,Lille OSC,0,42.1,9,4,5,3
36774,41044,10,dim,20/10/2013,21:00,Olympique de lyonnais,1-1,FC Girondins de Bordeaux,0,42.1,12,15,5,7
37334,41044,12,ven,02/11/2013,20:00,Olympique de lyonnais,2-0,EA Guingamp,0,42.1,13,10,5,16
33202,41044,14,ven,23/11/2013,20:00,Olympique de lyonnais,1-1,Valenciennes FC,0,42.1,8,18,5,19
29152,41044,16,jeu,05/12/2013,21:00,Olympique de lyonnais,1-1,Toulouse FC,0,42.1,12,14,5,9
34218,41044,18,dim,15/12/2013,21:00,Olympique de lyonnais,2-2,Olympique de Marseille,1,42.1,11,6,5,6
36099,41044,20,ven,11/01/2014,20:00,Olympique de lyonnais,2-0,FC Sochaux-Montbeliard,0,42.1,9,19,5,18
34929,41044,22,dim,26/01/2014,14:00,Olympique de lyonnais,3-0,evian Thonon Gaillard FC,0,42.1,6,17,5,14
35103,41044,25,dim,16/02/2014,14:00,Olympique de lyonnais,3-1,AC Ajaccio,0,42.1,6,20,5,20
35865,41044,27,dim,02/03/2014,17:00,Olympique de lyonnais,0-0,Montpellier Herault SC,0,42.1,6,11,5,15
35062,41044,29,dim,16/03/2014,17:00,Olympique de lyonnais,2-3,AS Monaco FC,0,42.1,5,2,5,2
36822,41044,31,dim,30/03/2014,21:00,Olympique de lyonnais,1-2,AS Saint-Etienne,1,42.1,5,4,5,4
38096,41044,33,dim,13/04/2014,21:00,Olympique de lyonnais,1-0,Paris Saint-Germain FC,1,42.1,5,1,5,1
36958,41044,35,dim,27/04/2014,17:00,Olympique de lyonnais,4-1,SC Bastia,0,42.1,5,11,5,10
39533,41044,37,ven,10/05/2014,21:00,Olympique de lyonnais,0-1,FC Lorient,0,42.1,5,8,5,8
27811,41044,1,dim,10/08/2014,17:00,Olympique de lyonnais,2-0,Stade Rennais FC,0,73.7,2,18,2,9
24636,41044,3,dim,24/08/2014,14:00,Olympique de lyonnais,0-1,RC Lens,0,73.7,13,15,2,20
34099,41044,5,sam,12/09/2014,20:30,Olympique de lyonnais,2-1,AS Monaco FC,0,73.7,13,19,2,3
32523,41044,7,mer,24/09/2014,19:00,Olympique de lyonnais,4-0,FC Lorient,0,73.7,8,17,2,16
34349,41044,9,dim,05/10/2014,17:00,Olympique de lyonnais,3-0,Lille OSC,0,73.7,6,4,2,8
35688,41044,10,dim,19/10/2014,21:00,Olympique de lyonnais,5-1,Montpellier Herault SC,0,73.7,4,11,2,7
38712,41044,11,dim,26/10/2014,21:00,Olympique de lyonnais,1-0,Olympique de Marseille,1,73.7,3,1,2,4
36461,41044,13,dim,09/11/2014,14:00,Olympique de lyonnais,3-1,EA Guingamp,0,73.7,3,18,2,10
32513,41044,16,jeu,04/12/2014,21:00,Olympique de lyonnais,2-1,Stade de Reims,0,73.7,3,9,2,15
32972,41044,18,sam,12/12/2014,20:30,Olympique de lyonnais,3-0,SM Caen,0,73.7,3,20,2,13
35928,41044,20,dim,11/01/2015,17:00,Olympique de lyonnais,3-0,Toulouse FC,0,73.7,1,15,2,17
36580,41044,22,dim,25/01/2015,14:00,Olympique de lyonnais,2-0,FC Metz,0,73.7,1,20,2,19
37581,41044,24,dim,08/02/2015,21:00,Olympique de lyonnais,1-1,Paris Saint-Germain FC,1,73.7,1,3,2,1
36819,41044,26,dim,22/02/2015,17:00,Olympique de lyonnais,1-0,FC Nantes,0,73.7,1,11,2,14
36300,41044,30,ven,21/03/2015,16:00,Olympique de lyonnais,1-2,OGC Nice,0,73.7,2,12,2,11
36549,41044,32,mer,15/04/2015,18:30,Olympique de lyonnais,2-0,SC Bastia,0,73.7,2,14,2,12
37715,41044,33,dim,19/04/2015,21:00,Olympique de lyonnais,2-2,AS Saint-Etienne,1,73.7,2,5,2,5
36839,41044,35,ven,02/05/2015,17:00,Olympique de lyonnais,2-0,evian Thonon Gaillard FC ,0,73.7,2,18,2,18
39961,41044,37,ven,16/05/2015,21:00,Olympique de lyonnais,1-1,FC Girondins de Bordeaux,0,73.7,2,6,2,6
28116,39490,1,dim,09/08/2015,21:00,Olympique de lyonnais,0-0,FC Lorient,0,63.2,9,9,2,15
31470,39490,3,ven,22/08/2015,17:00,Olympique de lyonnais,1-2,Stade Rennais FC,0,63.2,12,5,2,8
32137,39490,5,ven,12/09/2015,17:00,Olympique de lyonnais,0-0,Lille OSC,0,63.2,6,13,2,5
25658,39490,7,mer,23/09/2015,19:00,Olympique de lyonnais,2-0,SC Bastia,0,63.2,4,16,2,10
30089,39490,9,ven,03/10/2015,17:30,Olympique de lyonnais,1-0,Stade de Reims,0,63.2,6,7,2,18
32327,39490,11,sam,23/10/2015,20:30,Olympique de lyonnais,3-0,Toulouse FC,0,63.2,4,18,2,17
38752,39490,13,dim,08/11/2015,21:00,Olympique de lyonnais,3-0,AS Saint-Etienne,1,63.2,2,5,2,6
29960,39490,15,sam,27/11/2015,20:30,Olympique de lyonnais,2-4,Montpellier Herault SC,0,63.2,4,13,2,12
36068,39490,17,ven,05/12/2015,17:00,Olympique de lyonnais,0-2,Angers SCO,0,63.2,5,2,2,9
55168,59186,20,ven,09/01/2016,17:00,Olympique de lyonnais,4-1,ESTAC Troyes,0,63.2,6,20,2,20
56105,59186,22,dim,24/01/2016,21:00,Olympique de lyonnais,1-1,Olympique de Marseille,1,63.2,9,8,2,13
30143,59186,24,mer,03/02/2016,19:00,Olympique de lyonnais,3-0,FC Girondins de Bordeaux,0,63.2,10,11,2,11
38467,59186,26,dim,14/02/2016,14:00,Olympique de lyonnais,4-1,SM Caen,0,63.2,5,10,2,7
56662,59186,28,dim,28/02/2016,21:00,Olympique de lyonnais,2-1,Paris Saint-Germain FC,1,63.2,3,1,2,1
33133,59186,29,dim,06/03/2016,21:00,Olympique de lyonnais,5-1,EA Guingamp,0,63.2,3,17,2,16
47505,59186,31,ven,19/03/2016,21:00,Olympique de lyonnais,2-0,FC Nantes,0,63.2,4,8,2,14
55749,59186,34,sam,15/04/2016,20:30,Olympique de lyonnais,1-1,OGC Nice,0,63.2,3,4,2,4
50546,59186,36,ven,30/04/2016,21:00,Olympique de lyonnais,2-1,GFC Ajaccio,0,63.2,2,17,2,19
56696,59186,37,ven,07/05/2016,21:00,Olympique de lyonnais,6-1,AS Monaco FC,0,63.2,2,3,2,3
41171,59186,2,sam,19/08/2016,20:45,Olympique de lyonnais,2-0,SM Caen,0,63.2,1,12,4,17
40976,59186,4,ven,10/09/2016,17:00,Olympique de lyonnais,1-3,FC Girondins de Bordeaux,0,63.2,8,4,4,6
32193,59186,6,mer,21/09/2016,19:00,Olympique de lyonnais,5-1,Montpellier Herault SC,0,63.2,7,13,4,15
57050,59186,8,dim,02/10/2016,20:45,Olympique de lyonnais,2-0,AS Saint-Etienne,1,63.2,5,9,4,8
39184,59186,10,ven,22/10/2016,17:00,Olympique de lyonnais,1-3,EA Guingamp,0,63.2,10,5,4,10
33886,59186,12,ven,05/11/2016,20:00,Olympique de lyonnais,2-1,SC Bastia,0,63.2,7,17,4,20
55107,59186,14,dim,27/11/2016,20:45,Olympique de lyonnais,1-2,Paris Saint-Germain FC,1,63.2,7,3,4,2
33901,59186,17,dim,11/12/2016,15:00,Olympique de lyonnais,1-0,Stade Rennais FC,0,63.2,4,5,4,9
32098,59186,19,mer,21/12/2016,20:50,Olympique de lyonnais,2-0,Angers SCO,0,63.2,4,17,4,12
48147,59186,21,dim,22/01/2017,21:00,Olympique de lyonnais,3-1,Olympique de Marseille,1,63.2,4,7,4,5
35479,59186,22,ven,28/01/2017,17:00,Olympique de lyonnais,1-2,Lille OSC,0,63.2,4,11,4,11
28349,59186,24,mer,08/02/2017,19:00,Olympique de lyonnais,4-0,AS Nancy Lorraine,0,63.2,4,13,4,19
35197,59186,26,dim,19/02/2017,17:00,Olympique de lyonnais,4-2,Dijon FCO,0,63.2,4,17,4,16
32488,59186,27,dim,26/02/2017,17:00,Olympique de lyonnais,5-0,FC Metz,0,63.2,4,15,4,14
34463,59186,29,dim,12/03/2017,17:00,Olympique de lyonnais,4-0,Toulouse FC,0,63.2,4,11,4,13
35595,59186,32,ven,08/04/2017,20:00,Olympique de lyonnais,1-4,FC Lorient,0,63.2,4,18,4,18
44411,59186,34,dim,23/04/2017,21:15,Olympique de lyonnais,1-2,AS Monaco FC,0,63.2,4,1,4,1
34473,59186,36,dim,07/05/2017,17:00,Olympique de lyonnais,3-2,FC Nantes,0,63.2,4,8,4,7
50080,59186,38,ven,20/05/2017,21:00,Olympique de lyonnais,3-3,OGC Nice,0,63.2,4,3,4,3
39177,59186,1,ven,05/08/2017,20:00,Olympique de lyonnais,4-0,RC Strasbourg Alsace,0,63.2,1,20,3,15
42073,59186,3,ven,19/08/2017,17:00,Olympique de lyonnais,3-3,FC Girondins de Bordeaux,0,63.2,4,6,3,6
36697,59186,5,dim,10/09/2017,17:00,Olympique de lyonnais,2-1,EA Guingamp,0,63.2,3,12,3,12
33600,59186,7,ven,23/09/2017,20:00,Olympique de lyonnais,3-3,Dijon FCO,0,63.2,7,17,3,11
43295,59186,9,sam,13/10/2017,20:45,Olympique de lyonnais,3-2,AS Monaco FC,0,63.2,6,2,3,2
53921,59186,11,dim,29/10/2017,15:00,Olympique de lyonnais,2-0,FC Metz,0,63.2,3,20,3,20
47651,59186,13,dim,19/11/2017,17:00,Olympique de lyonnais,0-0,Montpellier Herault SC,0,63.2,3,8,3,10
31679,59186,15,mer,29/11/2017,19:00,Olympique de lyonnais,1-2,Lille OSC,0,63.2,3,18,3,17
57206,59186,18,dim,17/12/2017,21:00,Olympique de lyonnais,2-0,Olympique de Marseille,1,63.2,3,4,3,4
36691,59186,20,dim,14/01/2018,17:00,Olympique de lyonnais,1-1,Angers SCO,0,63.2,3,18,3,14
57582,59186,22,dim,21/01/2018,21:00,Olympique de lyonnais,2-1,Paris Saint-Germain FC,1,63.2,2,1,3,1
39188,59186,25,dim,11/02/2018,21:00,Olympique de lyonnais,0-2,Stade Rennais FC,0,63.2,4,8,3,5
58069,59186,27,dim,25/02/2018,17:00,Olympique de lyonnais,1-1,AS Saint-Etienne,1,63.2,4,12,3,7
39530,59186,29,dim,11/03/2018,17:00,Olympique de lyonnais,1-0,SM Caen,0,63.2,4,12,3,16
48548,59186,31,dim,01/04/2018,21:00,Olympique de lyonnais,2-0,Toulouse FC,0,63.2,4,17,3,18
47513,59186,33,ven,14/04/2018,17:00,Olympique de lyonnais,3-0,Amiens SC,0,63.2,3,14,3,13
50443,59186,35,ven,28/04/2018,17:00,Olympique de lyonnais,2-0,FC Nantes,0,63.2,2,10,3,9
54273,59186,36,dim,06/05/2018,16:30,Olympique de lyonnais,3-0,ESTAC Troyes,0,63.2,2,19,3,19
56953,59186,38,ven,19/05/2018,21:00,Olympique de lyonnais,3-2,OGC Nice,0,63.2,3,8,3,8
